INSERT INTO `users` (`id`,`name`,`password`) VALUES (1,"Colorado Padilla","ipsum."),(2,"Leo Tyson","erat"),(3,"Martin Pitts","mollis."),(4,"Grant Carson","cubilia"),(5,"Wyatt Jacobs","neque"),(6,"Hasad Oneal","neque."),(7,"Wade Roberson","mauris."),(8,"Graham England","egestas."),(9,"Tanek Gamble","mollis."),(10,"Tucker Mcmillan","odio.");

INSERT INTO `prescriptions` (`id`,`name`,`userId`,`displayName`,`quantity`) VALUES (1,"Croatia",1,"Nunc ut",4),(2,"Pitcairn Islands",2,"Donec sollicitudin",5),(3,"Jersey",5,"sagittis. Duis",6),(4,"Swaziland",4,"dictum placerat,",3),(5,"French Polynesia",4,"odio semper",6),(6,"Maldives",4,"sociis natoque",4),(7,"Venezuela",4,"Donec est.",6),(8,"Cook Islands",4,"posuere vulputate,",1),(9,"Austria",1,"rutrum eu,",6),(10,"Sierra Leone",3,"at, egestas",4);
INSERT INTO `prescriptions` (`id`,`name`,`userId`,`displayName`,`quantity`) VALUES (11,"Oman",2,"dolor egestas",4),(12,"New Caledonia",1,"Etiam ligula",7),(13,"American Samoa",5,"fermentum arcu.",2),(14,"Italy",3,"Duis a",8),(15,"Pakistan",2,"Phasellus elit",7),(16,"New Zealand",1,"metus. Aenean",4),(17,"Tuvalu",3,"Mauris eu",5),(18,"Oman",1,"sed leo.",6),(19,"Greece",4,"primis in",2),(20,"Bahrain",2,"mi eleifend",1);
INSERT INTO `prescriptions` (`id`,`name`,`userId`,`displayName`,`quantity`) VALUES (21,"Peru",2,"et, eros.",3),(22,"Burkina Faso",2,"consectetuer ipsum",5),(23,"Palau",1,"Mauris eu",7),(24,"Uganda",5,"massa rutrum",4),(25,"Russian Federation",2,"fringilla cursus",3),(26,"Maldives",1,"neque et",5),(27,"South Sudan",5,"in consectetuer",4),(28,"Armenia",5,"Nulla eu",8),(29,"Brazil",2,"sit amet",2),(30,"Israel",3,"cursus purus.",5);
INSERT INTO `prescriptions` (`id`,`name`,`userId`,`displayName`,`quantity`) VALUES (31,"Korea, South",5,"dolor. Fusce",1),(32,"Saint Helena, Ascension and Tristan da Cunha",2,"sagittis augue,",5),(33,"Sint Maarten",1,"elit. Curabitur",5),(34,"Åland Islands",4,"mauris erat",2),(35,"Peru",4,"ligula. Aenean",1),(36,"Saint Pierre and Miquelon",2,"rutrum lorem",1),(37,"Slovenia",4,"Nunc sollicitudin",4),(38,"Belize",4,"elementum purus,",1),(39,"Central African Republic",1,"et magnis",1),(40,"Nepal",5,"nec urna",6);
INSERT INTO `prescriptions` (`id`,`name`,`userId`,`displayName`,`quantity`) VALUES (41,"Viet Nam",1,"semper. Nam",5),(42,"Niue",2,"senectus et",6),(43,"Faroe Islands",1,"et malesuada",8),(44,"Taiwan",2,"arcu. Curabitur",4),(45,"Eritrea",4,"eu, euismod",7),(46,"Saint Martin",3,"nec, euismod",8),(47,"Saint Kitts and Nevis",5,"sit amet",8),(48,"Moldova",4,"Donec feugiat",6),(49,"San Marino",1,"urna et",8),(50,"Fiji",1,"sem ut",3);
INSERT INTO `prescriptions` (`id`,`name`,`userId`,`displayName`,`quantity`) VALUES (51,"Ireland",2,"rhoncus. Nullam",2),(52,"Christmas Island",5,"arcu. Morbi",6),(53,"Congo, the Democratic Republic of the",2,"urna et",2),(54,"Togo",5,"ultricies sem",6),(55,"Saint Vincent and The Grenadines",5,"nibh. Phasellus",5),(56,"Indonesia",1,"blandit. Nam",8),(57,"Martinique",4,"non justo.",5),(58,"South Africa",4,"erat eget",3),(59,"Antarctica",4,"magna. Lorem",1),(60,"Serbia",3,"non quam.",4);
INSERT INTO `prescriptions` (`id`,`name`,`userId`,`displayName`,`quantity`) VALUES (61,"Liberia",2,"Duis gravida.",2),(62,"Malawi",2,"lacus. Nulla",4),(63,"Tokelau",4,"nibh lacinia",8),(64,"Israel",5,"ac facilisis",4),(65,"Benin",4,"turpis egestas.",1),(66,"Viet Nam",2,"augue ut",2),(67,"San Marino",5,"Vivamus nibh",7),(68,"Spain",1,"pellentesque massa",7),(69,"Heard Island and Mcdonald Islands",4,"auctor non,",1),(70,"Ghana",4,"mauris id",8);
INSERT INTO `prescriptions` (`id`,`name`,`userId`,`displayName`,`quantity`) VALUES (71,"Panama",3,"et arcu",5),(72,"Seychelles",2,"magna. Ut",1),(73,"New Caledonia",1,"tincidunt. Donec",7),(74,"Iraq",1,"aliquet vel,",1),(75,"Oman",1,"nec luctus",2),(76,"Maldives",1,"Mauris ut",1),(77,"Anguilla",1,"amet, consectetuer",1),(78,"India",2,"nunc interdum",8),(79,"Suriname",1,"lorem vitae",2),(80,"Cape Verde",3,"egestas. Aliquam",2);
INSERT INTO `prescriptions` (`id`,`name`,`userId`,`displayName`,`quantity`) VALUES (81,"Tunisia",2,"Sed neque.",6),(82,"Faroe Islands",4,"posuere at,",3),(83,"India",2,"non massa",8),(84,"Iceland",4,"egestas, urna",5),(85,"Italy",5,"Curabitur ut",1),(86,"Bangladesh",2,"sit amet,",4),(87,"Albania",5,"Donec est.",2),(88,"Togo",4,"velit. Sed",4),(89,"Spain",5,"fringilla, porttitor",2),(90,"Macao",4,"fringilla ornare",2);
INSERT INTO `prescriptions` (`id`,`name`,`userId`,`displayName`,`quantity`) VALUES (91,"Ukraine",3,"erat. Etiam",1),(92,"Angola",1,"tellus eu",5),(93,"Tanzania",4,"luctus vulputate,",5),(94,"Benin",2,"fermentum arcu.",5),(95,"Wallis and Futuna",5,"eu odio",1),(96,"Switzerland",1,"elit sed",4),(97,"Viet Nam",2,"odio, auctor",6),(98,"Turkmenistan",5,"Sed nulla",4),(99,"Belarus",4,"urna, nec",4),(100,"Namibia",1,"risus. Nunc",3);

INSERT INTO `reminders` (`id`,`prescriptionId`,`day`,`hour`,`minute`,`dosage`) VALUES (1,38,4,20,11,8),(2,46,3,15,40,7),(3,19,3,0,40,8),(4,29,3,20,31,3),(5,57,1,14,2,5),(6,43,4,5,5,10),(7,9,2,11,46,5),(8,54,4,21,30,10),(9,100,2,13,46,4),(10,92,5,17,0,7);
INSERT INTO `reminders` (`id`,`prescriptionId`,`day`,`hour`,`minute`,`dosage`) VALUES (11,42,6,9,25,1),(12,68,3,15,54,9),(13,77,0,14,40,7),(14,23,4,14,0,7),(15,23,5,19,36,2),(16,68,3,14,55,2),(17,55,4,12,17,6),(18,56,3,9,21,7),(19,6,0,3,55,5),(20,44,0,8,22,4);
INSERT INTO `reminders` (`id`,`prescriptionId`,`day`,`hour`,`minute`,`dosage`) VALUES (21,27,6,6,37,2),(22,61,6,6,53,7),(23,72,1,19,14,3),(24,26,3,13,49,4),(25,54,2,1,23,3),(26,15,6,1,29,8),(27,39,2,1,17,10),(28,22,2,4,52,4),(29,13,1,14,27,7),(30,72,1,11,32,5);
INSERT INTO `reminders` (`id`,`prescriptionId`,`day`,`hour`,`minute`,`dosage`) VALUES (31,59,0,3,23,9),(32,97,0,6,42,6),(33,26,1,10,47,10),(34,90,4,8,50,4),(35,33,6,10,19,10),(36,26,6,7,23,8),(37,21,3,2,5,2),(38,88,0,6,6,8),(39,71,0,0,47,4),(40,43,0,12,51,6);
INSERT INTO `reminders` (`id`,`prescriptionId`,`day`,`hour`,`minute`,`dosage`) VALUES (41,1,3,8,17,4),(42,7,3,22,29,6),(43,28,4,23,14,3),(44,100,5,8,53,8),(45,8,4,17,42,9),(46,6,6,3,45,8),(47,55,6,3,1,2),(48,58,0,14,30,8),(49,10,4,0,51,8),(50,2,6,14,7,9);
INSERT INTO `reminders` (`id`,`prescriptionId`,`day`,`hour`,`minute`,`dosage`) VALUES (51,9,0,18,23,8),(52,42,2,18,41,5),(53,52,5,18,49,8),(54,53,1,1,39,10),(55,81,1,20,2,3),(56,55,6,5,8,1),(57,9,1,7,29,4),(58,43,5,10,9,7),(59,59,2,18,49,10),(60,28,5,4,0,10);
INSERT INTO `reminders` (`id`,`prescriptionId`,`day`,`hour`,`minute`,`dosage`) VALUES (61,16,4,1,57,10),(62,100,2,20,39,6),(63,62,6,1,10,8),(64,2,3,19,2,10),(65,71,2,20,14,9),(66,88,0,7,8,6),(67,85,0,3,42,1),(68,67,5,20,56,5),(69,89,0,2,27,9),(70,81,5,5,58,10);
INSERT INTO `reminders` (`id`,`prescriptionId`,`day`,`hour`,`minute`,`dosage`) VALUES (71,13,0,20,50,7),(72,56,1,9,17,7),(73,31,6,15,47,9),(74,29,5,13,14,1),(75,3,4,2,11,2),(76,43,1,10,56,8),(77,30,4,18,21,1),(78,9,3,4,33,10),(79,9,2,22,17,6),(80,77,2,22,36,7);
INSERT INTO `reminders` (`id`,`prescriptionId`,`day`,`hour`,`minute`,`dosage`) VALUES (81,29,3,8,16,7),(82,91,4,10,45,5),(83,3,2,17,7,9),(84,88,6,18,28,7),(85,26,5,20,24,2),(86,50,6,3,27,8),(87,77,0,8,47,3),(88,68,6,5,17,2),(89,33,2,23,9,7),(90,13,4,16,13,2);
INSERT INTO `reminders` (`id`,`prescriptionId`,`day`,`hour`,`minute`,`dosage`) VALUES (91,19,5,9,6,7),(92,99,1,8,19,6),(93,89,0,15,15,3),(94,82,1,15,55,4),(95,9,3,11,51,2),(96,77,4,0,23,4),(97,47,4,8,40,9),(98,45,0,18,43,5),(99,66,3,8,44,4),(100,5,2,0,54,8);
